{
    "info": {
        "name": "Assignment_1.postman_collection",
        "schema": "https://schema.getpostman.com/json/collection/v2.1.0/collection.json"
    },
    "item": [
        {
            "name": "Create User",
            "request": {
                "method": "POST",
                "header": [
                    {
                        "key": "Content-Type",
                        "value": "application/json"
                    }
                ],
                "body": {
                    "mode": "raw",
                    "raw": "{\n    \"name\": \"Akhil\",\n    \"email\": \"akhil@email.com\",\n    \"age\": 21\n}"
                },
                "url": {
                    "raw": "http://localhost:8080/api/users",
                    "protocol": "http",
                    "host": [
                        "localhost"
                    ],
                    "port": "8080",
                    "path": [
                        "api",
                        "users"
                    ]
                }
            }
        },
        {
            "name": "Get All Users",
            "request": {
                "method": "GET",
                "url": {
                    "raw": "http://localhost:8080/api/users",
                    "protocol": "http",
                    "host": [
                        "localhost"
                    ],
                    "port": "8080",
                    "path": [
                        "api",
                        "users"
                    ]
                }
            }
        },
        {
            "name": "Update User by Email",
            "request": {
                "method": "PUT",
                "header": [
                    {
                        "key": "Content-Type",
                        "value": "application/json"
                    }
                ],
                "body": {
                    "mode": "raw",
                    "raw": "{\n    \"name\": \"Akhil Updated\",\n    \"email\": \"akhil.updated@email.com\",\n    \"age\": 25\n}"
                },
                "url": {
                    "raw": "http://localhost:8080/api/users/email/akhil@email.com",
                    "protocol": "http",
                    "host": [
                        "localhost"
                    ],
                    "port": "8080",
                    "path": [
                        "api",
                        "users",
                        "email",
                        "akhil@email.com"
                    ]
                }
            }
        },
        {
            "name": "Get User by Email",
            "request": {
                "method": "GET",
                "url": {
                    "raw": "http://localhost:8080/api/users/email/akhil.updated@email.com",
                    "protocol": "http",
                    "host": [
                        "localhost"
                    ],
                    "port": "8080",
                    "path": [
                        "api",
                        "users",
                        "email",
                        "akhil.updated@email.com"
                    ]
                }
            }
        },
        {
            "name": "Delete User by Email",
            "request": {
                "method": "DELETE",
                "url": {
                    "raw": "http://localhost:8080/api/users/email/akhil.updated@email.com",
                    "protocol": "http",
                    "host": [
                        "localhost"
                    ],
                    "port": "8080",
                    "path": [
                        "api",
                        "users",
                        "email",
                        "akhil.updated@email.com"
                    ]
                }
            }
        }
    ]
}